symbol_index,I,Q,target_pmf,model_pmf,empirical_pmf
1,-1.08012344973464,-1.08012344973464,0.015625,0.015625,0.01607666015625
2,-1.08012344973464,-0.771516749810459,0.015625,0.015625,0.01524658203125
3,-1.08012344973464,-0.462910049886276,0.015625,0.015625,0.014990234375
4,-1.08012344973464,-0.154303349962092,0.015625,0.015625,0.015478515625
5,-1.08012344973464,0.154303349962092,0.015625,0.015625,0.01646728515625
6,-1.08012344973464,0.462910049886276,0.015625,0.015625,0.01551513671875
7,-1.08012344973464,0.771516749810459,0.015625,0.015625,0.015087890625
8,-1.08012344973464,1.08012344973464,0.015625,0.015625,0.01595458984375
9,-0.771516749810459,-1.08012344973464,0.015625,0.015625,0.015576171875
10,-0.771516749810459,-0.771516749810459,0.015625,0.015625,0.0157470703125
11,-0.771516749810459,-0.462910049886276,0.015625,0.015625,0.01572265625
12,-0.771516749810459,-0.154303349962092,0.015625,0.015625,0.016259765625
13,-0.771516749810459,0.154303349962092,0.015625,0.015625,0.0163330078125
14,-0.771516749810459,0.462910049886276,0.015625,0.015625,0.01634521484375
15,-0.771516749810459,0.771516749810459,0.015625,0.015625,0.0156982421875
16,-0.771516749810459,1.08012344973464,0.015625,0.015625,0.0152587890625
17,-0.462910049886276,-1.08012344973464,0.015625,0.015625,0.01551513671875
18,-0.462910049886276,-0.771516749810459,0.015625,0.015625,0.0150146484375
19,-0.462910049886276,-0.462910049886276,0.015625,0.015625,0.01512451171875
20,-0.462910049886276,-0.154303349962092,0.015625,0.015625,0.01458740234375
21,-0.462910049886276,0.154303349962092,0.015625,0.015625,0.01573486328125
22,-0.462910049886276,0.462910049886276,0.015625,0.015625,0.01612548828125
23,-0.462910049886276,0.771516749810459,0.015625,0.015625,0.01612548828125
24,-0.462910049886276,1.08012344973464,0.015625,0.015625,0.0150146484375
25,-0.154303349962092,-1.08012344973464,0.015625,0.015625,0.01484375
26,-0.154303349962092,-0.771516749810459,0.015625,0.015625,0.0153564453125
27,-0.154303349962092,-0.462910049886276,0.015625,0.015625,0.01552734375
28,-0.154303349962092,-0.154303349962092,0.015625,0.015625,0.01490478515625
29,-0.154303349962092,0.154303349962092,0.015625,0.015625,0.016162109375
30,-0.154303349962092,0.462910049886276,0.015625,0.015625,0.01602783203125
31,-0.154303349962092,0.771516749810459,0.015625,0.015625,0.0160888671875
32,-0.154303349962092,1.08012344973464,0.015625,0.015625,0.0154052734375
33,0.154303349962092,-1.08012344973464,0.015625,0.015625,0.015478515625
34,0.154303349962092,-0.771516749810459,0.015625,0.015625,0.01619873046875
35,0.154303349962092,-0.462910049886276,0.015625,0.015625,0.0156494140625
36,0.154303349962092,-0.154303349962092,0.015625,0.015625,0.0161376953125
37,0.154303349962092,0.154303349962092,0.015625,0.015625,0.01600341796875
38,0.154303349962092,0.462910049886276,0.015625,0.015625,0.01611328125
39,0.154303349962092,0.771516749810459,0.015625,0.015625,0.01558837890625
40,0.154303349962092,1.08012344973464,0.015625,0.015625,0.01588134765625
41,0.462910049886276,-1.08012344973464,0.015625,0.015625,0.01534423828125
42,0.462910049886276,-0.771516749810459,0.015625,0.015625,0.0158203125
43,0.462910049886276,-0.462910049886276,0.015625,0.015625,0.01495361328125
44,0.462910049886276,-0.154303349962092,0.015625,0.015625,0.01505126953125
45,0.462910049886276,0.154303349962092,0.015625,0.015625,0.01519775390625
46,0.462910049886276,0.462910049886276,0.015625,0.015625,0.0154541015625
47,0.462910049886276,0.771516749810459,0.015625,0.015625,0.01649169921875
48,0.462910049886276,1.08012344973464,0.015625,0.015625,0.01541748046875
49,0.771516749810459,-1.08012344973464,0.015625,0.015625,0.015087890625
50,0.771516749810459,-0.771516749810459,0.015625,0.015625,0.0159912109375
51,0.771516749810459,-0.462910049886276,0.015625,0.015625,0.01553955078125
52,0.771516749810459,-0.154303349962092,0.015625,0.015625,0.01614990234375
53,0.771516749810459,0.154303349962092,0.015625,0.015625,0.01572265625
54,0.771516749810459,0.462910049886276,0.015625,0.015625,0.015087890625
55,0.771516749810459,0.771516749810459,0.015625,0.015625,0.0166748046875
56,0.771516749810459,1.08012344973464,0.015625,0.015625,0.01590576171875
57,1.08012344973464,-1.08012344973464,0.015625,0.015625,0.0160888671875
58,1.08012344973464,-0.771516749810459,0.015625,0.015625,0.01483154296875
59,1.08012344973464,-0.462910049886276,0.015625,0.015625,0.015576171875
60,1.08012344973464,-0.154303349962092,0.015625,0.015625,0.01566162109375
61,1.08012344973464,0.154303349962092,0.015625,0.015625,0.01544189453125
62,1.08012344973464,0.462910049886276,0.015625,0.015625,0.01541748046875
63,1.08012344973464,0.771516749810459,0.015625,0.015625,0.015625
64,1.08012344973464,1.08012344973464,0.015625,0.015625,0.01510009765625
