M,lambda,match_status,KL_target_model,TV_target_model,E_model,monotonic_from_previous
8,0,exact,0,0,1,1
8,0.25,exact,0,3.857983377209e-10,1.11009360810436,1
8,0.5,exact,0,5.41095410144798e-09,1.21434183223569,1
16,0,exact,0,0,1,1
16,0.25,exact,1.52435079667456e-16,2.55699212844962e-09,1.07973439942035,1
16,0.5,exact,2.50249914090212e-16,2.43070534880485e-09,1.15790025465738,1
32,0,exact,0,0,1,1
32,0.25,approximate-pass,0.000717196815503963,0.0186459811893609,1.1290145216192,1
32,0.5,approximate-pass,0.00261278428746763,0.033916981255449,1.26409130061044,1
64,0,exact,0,0,1,1
64,0.25,approximate-pass,0.000560271920746493,0.0126243610490905,1.0930968560977,1
64,0.5,approximate-pass,0.00216266221747084,0.0260676669607478,1.19006999123368,1
