M,lambda,match_status,KL_target_model,TV_target_model,E_target,E_model,E_empirical,TV_empirical_point,TV_empirical_upper95,R_code,R_bpcu,pI,pQ,solver_exit_I,solver_exit_Q,solver_objective_I,solver_objective_Q,pmf_smoke_pass
8,0,exact,0,0,1,1,0.994791666666666,0.0099609375,0.01962890625,0.5,1.5,0.5 0.5,0.5,1,1,0,0,1
8,0.25,exact,0,3.857983377209e-10,1.11009360861642,1.11009360810436,1.08697916666667,0.01807999823928,0.0261854671555918,0.49609375,1.48828125,0.500000000333 0.417429793922,0.5,1,1,0,0,1
8,0.5,exact,0,5.41095410144798e-09,1.21434182502109,1.21434183223569,1.17786458333333,0.0273579366767712,0.0329696243544356,0.486979166666667,1.4609375,0.500000000085 0.339243625823,0.5,1,1,0,0,1
16,0,exact,0,0,1,1,0.99640625,0.01337890625,0.02685546875,0.5,2,0.5 0.5,0.5 0.5,1,1,0,0,1
16,0.25,exact,1.52435079667456e-16,2.55699212844962e-09,1.07973439569996,1.07973439942035,1.05390625,0.0289982990077449,0.0366569865981618,0.498046875,1.9921875,0.500000000003 0.450166000362,0.500000000003 0.450166000362,1,1,0,0,1
16,0.5,exact,2.50249914090212e-16,2.43070534880485e-09,1.15790025617992,1.15790025465738,1.12296875,0.0290587533579876,0.0374571908579876,0.4921875,1.96875,0.499999998139 0.401312340839,0.499999998139 0.401312340839,1,1,0,0,1
32,0,exact,0,0,1,1,1.00745192307692,0.0232421875,0.0390625,0.5,2.5,0.5 0.5 0.5,0.5 0.5,1,1,0,0,1
32,0.25,approximate-pass,0.000717196815503963,0.0186459811893609,1.1347517452391,1.1290145216192,1.09681490384615,0.0294766028343994,0.0418835369906026,0.49609375,2.48046875,0.422237498874 0.458698738458 0.499999997871,0.49999999441 0.480778711118,1,1,0.00071719681550334,0,1
32,0.5,approximate-pass,0.00261278428746763,0.033916981255449,1.27452729314687,1.26409130061044,1.20769230769231,0.0369094021420569,0.0487205263287841,0.48984375,2.44921875,0.345512619277 0.412532024411 0.500000003551,0.499999999303 0.461614143978,1,1,0.00261278428746731,0,1
64,0,exact,0,0,1,1,1.00643601190476,0.03125,0.05146484375,0.5,3,0.5 0.5 0.5,0.5 0.5 0.5,1,1,0,0,1
64,0.25,approximate-pass,0.000560271920746493,0.0126243610490905,1.09757912964682,1.0930968560977,1.05416666666667,0.0429876401711525,0.0586023175379508,0.497395833333333,2.984375,0.451963213315 0.475080979419 0.500000002775,0.451963213315 0.475080979419 0.500000002775,1,1,0.000280135960373028,0.000280135960373028,1
64,0.5,approximate-pass,0.00216266221747084,0.0260676669607478,1.19871886761872,1.19006999123368,1.13184523809524,0.0502397078999146,0.0647911879104188,0.493489583333333,2.9609375,0.403720051484 0.44809084437 0.500000000616,0.403720051484 0.44809084437 0.500000000616,1,1,0.00108133110873517,0.00108133110873517,1
