M,lambda,repetition,seed,snr_dB,BER,error_total,bits_total,frames,errors_per_stream
8,0,1,20361904,7.5,0.04609375,531,11520,30,453 0 78
8,0,1,20361904,7.75,0.0276041666666667,318,11520,30,316 0 2
8,0,1,20361904,8,0.0110243055555556,127,11520,30,113 0 14
8,0,1,20361904,8.25,0.0200520833333333,231,11520,30,231 0 0
8,0,1,20361904,8.5,0.00173611111111111,20,11520,30,20 0 0
8,0,1,20361904,8.75,0,0,11520,30,0 0 0
8,0,1,20361904,9,0.00329861111111111,38,11520,30,38 0 0
8,0,2,20361905,7.5,0.0504340277777778,581,11520,30,495 44 42
8,0,2,20361905,7.75,0.0316840277777778,365,11520,30,365 0 0
8,0,2,20361905,8,0.0349826388888889,403,11520,30,403 0 0
8,0,2,20361905,8.25,0.00642361111111111,74,11520,30,74 0 0
8,0,2,20361905,8.5,0.00390625,45,11520,30,45 0 0
8,0,2,20361905,8.75,0.003125,36,11520,30,36 0 0
8,0,2,20361905,9,0.000694444444444444,8,11520,30,8 0 0
8,0,3,20361906,7.5,0.0578993055555556,667,11520,30,627 0 40
8,0,3,20361906,7.75,0.0205729166666667,237,11520,30,237 0 0
8,0,3,20361906,8,0.02734375,315,11520,30,287 0 28
8,0,3,20361906,8.25,0.0291666666666667,336,11520,30,336 0 0
8,0,3,20361906,8.5,0.00564236111111111,65,11520,30,61 4 0
8,0,3,20361906,8.75,0.00590277777777778,68,11520,30,68 0 0
8,0,3,20361906,9,0,0,11520,30,0 0 0
8,0.25,1,20362904,7.5,0.0417322834645669,477,11430,30,353 61 63
8,0.25,1,20362904,7.75,0.0345581802274716,395,11430,30,381 14 0
8,0.25,1,20362904,8,0.0244969378827647,280,11430,30,280 0 0
8,0.25,1,20362904,8.25,0.00699912510936133,80,11430,30,80 0 0
8,0.25,1,20362904,8.5,0.000699912510936133,8,11430,30,8 0 0
8,0.25,1,20362904,8.75,0,0,11430,30,0 0 0
8,0.25,1,20362904,9,0,0,11430,30,0 0 0
8,0.25,2,20362905,7.5,0.0391951006124234,448,11430,30,403 37 8
8,0.25,2,20362905,7.75,0.0191601049868766,219,11430,30,219 0 0
8,0.25,2,20362905,8,0.0141732283464567,162,11430,30,162 0 0
8,0.25,2,20362905,8.25,0.00332458442694663,38,11430,30,38 0 0
8,0.25,2,20362905,8.5,0,0,11430,30,0 0 0
8,0.25,2,20362905,8.75,0.0020997375328084,24,11430,30,24 0 0
8,0.25,2,20362905,9,0.00139982502187227,16,11430,30,16 0 0
8,0.25,3,20362906,7.5,0.0481189851268591,550,11430,30,499 23 28
8,0.25,3,20362906,7.75,0.0183727034120735,210,11430,30,190 0 20
8,0.25,3,20362906,8,0.0113735783027122,130,11430,30,106 16 8
8,0.25,3,20362906,8.25,0.0062992125984252,72,11430,30,72 0 0
8,0.25,3,20362906,8.5,0.010411198600175,119,11430,30,119 0 0
8,0.25,3,20362906,8.75,0,0,11430,30,0 0 0
8,0.25,3,20362906,9,0,0,11430,30,0 0 0
8,0.5,1,20363904,7.5,0.024331550802139,273,11220,30,228 45 0
8,0.5,1,20363904,7.75,0.00873440285204991,98,11220,30,90 8 0
8,0.5,1,20363904,8,0.00516934046345811,58,11220,30,58 0 0
8,0.5,1,20363904,8.25,0.00338680926916221,38,11220,30,22 0 16
8,0.5,1,20363904,8.5,0.0124777183600713,140,11220,30,88 52 0
8,0.5,1,20363904,8.75,0,0,11220,30,0 0 0
8,0.5,1,20363904,9,0,0,11220,30,0 0 0
8,0.5,2,20363905,7.5,0.0327985739750446,368,11220,30,160 179 29
8,0.5,2,20363905,7.75,0.0200534759358289,225,11220,30,164 53 8
8,0.5,2,20363905,8,0.0120320855614973,135,11220,30,65 70 0
8,0.5,2,20363905,8.25,0.00427807486631016,48,11220,30,48 0 0
8,0.5,2,20363905,8.5,0.00071301247771836,8,11220,30,0 8 0
8,0.5,2,20363905,8.75,0,0,11220,30,0 0 0
8,0.5,2,20363905,9,0,0,11220,30,0 0 0
8,0.5,3,20363906,7.5,0.0237076648841355,266,11220,30,200 66 0
8,0.5,3,20363906,7.75,0.00623885918003565,70,11220,30,10 60 0
8,0.5,3,20363906,8,0.00320855614973262,36,11220,30,22 0 14
8,0.5,3,20363906,8.25,0.00196078431372549,22,11220,30,22 0 0
8,0.5,3,20363906,8.5,0.00035650623885918,4,11220,30,4 0 0
8,0.5,3,20363906,8.75,0.0017825311942959,20,11220,30,20 0 0
8,0.5,3,20363906,9,0,0,11220,30,0 0 0
16,0,1,20461904,9.5,0.128580729166667,1975,15360,30,948 40 947 40
16,0,1,20461904,9.75,0.0776041666666667,1192,15360,30,612 40 528 12
16,0,1,20461904,10,0.0587890625,903,15360,30,645 0 258 0
16,0,1,20461904,10.25,0.0336588541666667,517,15360,30,172 0 345 0
16,0,1,20461904,10.5,0.012109375,186,15360,30,138 0 48 0
16,0,1,20461904,10.75,0.00559895833333333,86,15360,30,64 0 22 0
16,0,1,20461904,11,0.00143229166666667,22,15360,30,22 0 0 0
16,0,2,20461905,9.5,0.111979166666667,1720,15360,30,809 0 866 45
16,0,2,20461905,9.75,0.0918619791666667,1411,15360,30,787 12 612 0
16,0,2,20461905,10,0.0540364583333333,830,15360,30,343 48 439 0
16,0,2,20461905,10.25,0.0357421875,549,15360,30,218 0 295 36
16,0,2,20461905,10.5,0.0201822916666667,310,15360,30,65 0 237 8
16,0,2,20461905,10.75,0.00677083333333333,104,15360,30,30 0 74 0
16,0,2,20461905,11,0.00911458333333333,140,15360,30,76 0 64 0
16,0,3,20461906,9.5,0.1162109375,1785,15360,30,972 38 723 52
16,0,3,20461906,9.75,0.0994140625,1527,15360,30,1029 26 472 0
16,0,3,20461906,10,0.0654947916666667,1006,15360,30,413 0 593 0
16,0,3,20461906,10.25,0.0251302083333333,386,15360,30,108 0 278 0
16,0,3,20461906,10.5,0.0173177083333333,266,15360,30,112 0 154 0
16,0,3,20461906,10.75,0.00397135416666667,61,15360,30,23 0 38 0
16,0,3,20461906,11,0.00494791666666667,76,15360,30,30 0 46 0
16,0.25,1,20462904,9.5,0.0973202614379085,1489,15300,30,716 0 737 36
16,0.25,1,20462904,9.75,0.0975816993464052,1493,15300,30,766 0 639 88
16,0.25,1,20462904,10,0.0494117647058823,756,15300,30,370 0 386 0
16,0.25,1,20462904,10.25,0.0181045751633987,277,15300,30,179 2 96 0
16,0.25,1,20462904,10.5,0.0219607843137255,336,15300,30,176 8 152 0
16,0.25,1,20462904,10.75,0.00209150326797386,32,15300,30,4 0 28 0
16,0.25,1,20462904,11,0.00601307189542484,92,15300,30,34 0 58 0
16,0.25,2,20462905,9.5,0.11483660130719,1757,15300,30,849 50 789 69
16,0.25,2,20462905,9.75,0.054640522875817,836,15300,30,406 32 398 0
16,0.25,2,20462905,10,0.038562091503268,590,15300,30,330 0 260 0
16,0.25,2,20462905,10.25,0.0222875816993464,341,15300,30,107 0 234 0
16,0.25,2,20462905,10.5,0.0164052287581699,251,15300,30,134 0 109 8
16,0.25,2,20462905,10.75,0.0108496732026144,166,15300,30,104 0 62 0
16,0.25,2,20462905,11,0.00248366013071895,38,15300,30,38 0 0 0
16,0.25,3,20462906,9.5,0.10078431372549,1542,15300,30,797 0 745 0
16,0.25,3,20462906,9.75,0.0966013071895425,1478,15300,30,615 28 713 122
16,0.25,3,20462906,10,0.0490849673202614,751,15300,30,233 0 518 0
16,0.25,3,20462906,10.25,0.0243137254901961,372,15300,30,252 0 120 0
16,0.25,3,20462906,10.5,0.0190196078431373,291,15300,30,92 28 171 0
16,0.25,3,20462906,10.75,0.0243790849673203,373,15300,30,283 0 90 0
16,0.25,3,20462906,11,0.000392156862745098,6,15300,30,4 0 2 0
16,0.5,1,20463904,9.5,0.0654761904761905,990,15120,30,530 0 415 45
16,0.5,1,20463904,9.75,0.0266534391534392,403,15120,30,200 0 179 24
16,0.5,1,20463904,10,0.0206349206349206,312,15120,30,180 0 106 26
16,0.5,1,20463904,10.25,0.0199074074074074,301,15120,30,176 0 100 25
16,0.5,1,20463904,10.5,0.0212301587301587,321,15120,30,122 42 96 61
16,0.5,1,20463904,10.75,0.0037037037037037,56,15120,30,0 0 56 0
16,0.5,1,20463904,11,0.00628306878306878,95,15120,30,32 0 63 0
16,0.5,2,20463905,9.5,0.0777777777777778,1176,15120,30,673 15 428 60
16,0.5,2,20463905,9.75,0.0705026455026455,1066,15120,30,626 0 373 67
16,0.5,2,20463905,10,0.0345899470899471,523,15120,30,303 0 220 0
16,0.5,2,20463905,10.25,0.0170634920634921,258,15120,30,82 2 174 0
16,0.5,2,20463905,10.5,0.00873015873015873,132,15120,30,88 0 44 0
16,0.5,2,20463905,10.75,0.00529100529100529,80,15120,30,24 0 56 0
16,0.5,2,20463905,11,0.00899470899470899,136,15120,30,88 0 48 0
16,0.5,3,20463906,9.5,0.080489417989418,1217,15120,30,416 130 576 95
16,0.5,3,20463906,9.75,0.067989417989418,1028,15120,30,514 53 372 89
16,0.5,3,20463906,10,0.0246693121693122,373,15120,30,193 0 180 0
16,0.5,3,20463906,10.25,0.0250661375661376,379,15120,30,185 0 194 0
16,0.5,3,20463906,10.5,0.00224867724867725,34,15120,30,8 0 26 0
16,0.5,3,20463906,10.75,0.000529100529100529,8,15120,30,0 0 8 0
16,0.5,3,20463906,11,0.00158730158730159,24,15120,30,0 0 12 12
32,0,1,20561904,13.5,0.0876041666666667,1682,19200,30,0 826 0 835 21
32,0,1,20561904,13.75,0.0843229166666667,1619,19200,30,0 680 0 842 97
32,0,1,20561904,14,0.0380729166666667,731,19200,30,0 273 0 458 0
32,0,1,20561904,14.25,0.0266145833333333,511,19200,30,0 338 0 173 0
32,0,1,20561904,14.5,0.0186458333333333,358,19200,30,0 135 0 223 0
32,0,1,20561904,14.75,0.003125,60,19200,30,0 56 0 4 0
32,0,1,20561904,15,0.00583333333333333,112,19200,30,0 12 0 100 0
32,0,2,20561905,13.5,0.11734375,2253,19200,30,0 893 0 1176 184
32,0,2,20561905,13.75,0.0916666666666667,1760,19200,30,0 929 0 790 41
32,0,2,20561905,14,0.0524479166666667,1007,19200,30,0 533 0 474 0
32,0,2,20561905,14.25,0.02140625,411,19200,30,0 115 0 282 14
32,0,2,20561905,14.5,0.0150520833333333,289,19200,30,0 124 0 165 0
32,0,2,20561905,14.75,0.0138541666666667,266,19200,30,0 173 0 93 0
32,0,2,20561905,15,0.00963541666666667,185,19200,30,0 96 0 89 0
32,0,3,20561906,13.5,0.11546875,2217,19200,30,0 916 0 1167 134
32,0,3,20561906,13.75,0.06578125,1263,19200,30,0 736 0 527 0
32,0,3,20561906,14,0.0457291666666667,878,19200,30,0 515 0 345 18
32,0,3,20561906,14.25,0.0394791666666667,758,19200,30,0 210 0 538 10
32,0,3,20561906,14.5,0.0202083333333333,388,19200,30,0 132 0 256 0
32,0,3,20561906,14.75,0.00703125,135,19200,30,0 105 0 30 0
32,0,3,20561906,15,0.0025,48,19200,30,0 0 0 48 0
32,0.25,1,20562904,13.5,0.112703412073491,2147,19050,30,0 1054 0 931 162
32,0.25,1,20562904,13.75,0.0843044619422572,1606,19050,30,0 720 0 844 42
32,0.25,1,20562904,14,0.0478215223097113,911,19050,30,0 313 0 554 44
32,0.25,1,20562904,14.25,0.0171128608923885,326,19050,30,0 186 0 140 0
32,0.25,1,20562904,14.5,0.0224146981627297,427,19050,30,0 169 0 258 0
32,0.25,1,20562904,14.75,0.0111286089238845,212,19050,30,0 56 0 156 0
32,0.25,1,20562904,15,0.00335958005249344,64,19050,30,0 42 0 22 0
32,0.25,2,20562905,13.5,0.109238845144357,2081,19050,30,0 1030 0 962 89
32,0.25,2,20562905,13.75,0.0670866141732284,1278,19050,30,0 617 0 631 30
32,0.25,2,20562905,14,0.0438845144356955,836,19050,30,0 456 0 380 0
32,0.25,2,20562905,14.25,0.0245144356955381,467,19050,30,0 211 0 256 0
32,0.25,2,20562905,14.5,0.0135433070866142,258,19050,30,0 164 0 94 0
32,0.25,2,20562905,14.75,0.013490813648294,257,19050,30,0 169 0 88 0
32,0.25,2,20562905,15,0.00346456692913386,66,19050,30,0 66 0 0 0
32,0.25,3,20562906,13.5,0.125826771653543,2397,19050,30,0 1165 0 1025 207
32,0.25,3,20562906,13.75,0.083989501312336,1600,19050,30,0 904 0 696 0
32,0.25,3,20562906,14,0.0548031496062992,1044,19050,30,0 696 0 348 0
32,0.25,3,20562906,14.25,0.0232020997375328,442,19050,30,0 257 0 184 1
32,0.25,3,20562906,14.5,0.0195800524934383,373,19050,30,0 238 0 135 0
32,0.25,3,20562906,14.75,0.0138057742782152,263,19050,30,0 103 0 160 0
32,0.25,3,20562906,15,0.00388451443569554,74,19050,30,0 58 0 16 0
32,0.5,1,20563904,13.5,0.114300903774588,2150,18810,30,0 1075 0 967 108
32,0.5,1,20563904,13.75,0.0643806485911749,1211,18810,30,0 725 0 478 8
32,0.5,1,20563904,14,0.0452950558213716,852,18810,30,0 470 0 382 0
32,0.5,1,20563904,14.25,0.020361509835194,383,18810,30,0 215 0 168 0
32,0.5,1,20563904,14.5,0.0089845826687932,169,18810,30,0 119 0 50 0
32,0.5,1,20563904,14.75,0.0130249867091972,245,18810,30,0 103 0 142 0
32,0.5,1,20563904,15,0.00526315789473684,99,18810,30,0 87 0 12 0
32,0.5,2,20563905,13.5,0.0985114300903775,1853,18810,30,0 915 0 902 36
32,0.5,2,20563905,13.75,0.0593833067517278,1117,18810,30,0 556 0 491 70
32,0.5,2,20563905,14,0.0438064859117491,824,18810,30,0 420 0 404 0
32,0.5,2,20563905,14.25,0.0355130249867092,668,18810,30,0 400 0 268 0
32,0.5,2,20563905,14.5,0.0213184476342371,401,18810,30,0 229 0 172 0
32,0.5,2,20563905,14.75,0.00531632110579479,100,18810,30,0 41 0 59 0
32,0.5,2,20563905,15,0.00404040404040404,76,18810,30,0 4 0 72 0
32,0.5,3,20563906,13.5,0.0828814460393408,1559,18810,30,0 803 0 756 0
32,0.5,3,20563906,13.75,0.0883572567783094,1662,18810,30,0 941 0 721 0
32,0.5,3,20563906,14,0.0488569909622541,919,18810,30,0 730 0 189 0
32,0.5,3,20563906,14.25,0.0418926103136629,788,18810,30,0 286 0 502 0
32,0.5,3,20563906,14.5,0.0264752791068581,498,18810,30,0 227 0 271 0
32,0.5,3,20563906,14.75,0.019404572036151,365,18810,30,0 172 0 193 0
32,0.5,3,20563906,15,0.00228601807549176,43,18810,30,0 39 0 4 0
64,0,1,20661904,15.5,0.106467013888889,2453,23040,30,0 1136 0 0 1317 0
64,0,1,20661904,15.75,0.0639756944444444,1474,23040,30,0 694 0 0 780 0
64,0,1,20661904,16,0.0515190972222222,1187,23040,30,0 626 0 0 561 0
64,0,1,20661904,16.25,0.0294704861111111,679,23040,30,0 357 0 0 322 0
64,0,1,20661904,16.5,0.0215277777777778,496,23040,30,0 170 0 0 326 0
64,0,1,20661904,16.75,0.00481770833333333,111,23040,30,0 18 0 0 93 0
64,0,1,20661904,17,0.00286458333333333,66,23040,30,0 12 0 0 54 0
64,0,2,20661905,15.5,0.09765625,2250,23040,30,0 833 0 0 1417 0
64,0,2,20661905,15.75,0.0786024305555556,1811,23040,30,0 895 0 0 916 0
64,0,2,20661905,16,0.0568576388888889,1310,23040,30,0 746 0 0 564 0
64,0,2,20661905,16.25,0.0446614583333333,1029,23040,30,0 563 0 0 466 0
64,0,2,20661905,16.5,0.0160590277777778,370,23040,30,0 174 0 0 196 0
64,0,2,20661905,16.75,0.00503472222222222,116,23040,30,0 30 0 0 86 0
64,0,2,20661905,17,0.000347222222222222,8,23040,30,0 0 0 0 8 0
64,0,3,20661906,15.5,0.0967881944444444,2230,23040,30,0 1152 0 0 1078 0
64,0,3,20661906,15.75,0.073046875,1683,23040,30,0 576 0 0 1107 0
64,0,3,20661906,16,0.0427083333333333,984,23040,30,0 440 0 0 544 0
64,0,3,20661906,16.25,0.0268229166666667,618,23040,30,0 328 0 0 290 0
64,0,3,20661906,16.5,0.0193576388888889,446,23040,30,0 216 0 0 230 0
64,0,3,20661906,16.75,0.010546875,243,23040,30,0 150 0 0 93 0
64,0,3,20661906,17,0.00642361111111111,148,23040,30,0 86 0 0 62 0
64,0.25,1,20662904,15.5,0.0879144851657941,2015,22920,30,0 1178 0 0 837 0
64,0.25,1,20662904,15.75,0.0657068062827225,1506,22920,30,0 665 0 0 841 0
64,0.25,1,20662904,16,0.0607329842931937,1392,22920,30,0 693 0 0 699 0
64,0.25,1,20662904,16.25,0.0403141361256545,924,22920,30,0 431 0 0 493 0
64,0.25,1,20662904,16.5,0.00798429319371728,183,22920,30,0 129 0 0 54 0
64,0.25,1,20662904,16.75,0.012696335078534,291,22920,30,0 150 0 0 141 0
64,0.25,1,20662904,17,0.00890052356020942,204,22920,30,0 36 0 0 168 0
64,0.25,2,20662905,15.5,0.0883507853403141,2025,22920,30,0 1003 0 0 1022 0
64,0.25,2,20662905,15.75,0.0699825479930192,1604,22920,30,0 742 0 0 862 0
64,0.25,2,20662905,16,0.0492582897033159,1129,22920,30,0 652 0 0 477 0
64,0.25,2,20662905,16.25,0.0382635253054101,877,22920,30,0 390 0 0 487 0
64,0.25,2,20662905,16.5,0.019022687609075,436,22920,30,0 137 0 0 299 0
64,0.25,2,20662905,16.75,0.0107766143106457,247,22920,30,0 151 0 0 96 0
64,0.25,2,20662905,17,0.00523560209424084,120,22920,30,0 40 0 0 80 0
64,0.25,3,20662906,15.5,0.0891797556719023,2044,22920,30,0 1145 0 0 899 0
64,0.25,3,20662906,15.75,0.0646160558464223,1481,22920,30,0 610 0 0 871 0
64,0.25,3,20662906,16,0.0528359511343805,1211,22920,30,0 541 0 0 670 0
64,0.25,3,20662906,16.25,0.0460732984293194,1056,22920,30,0 498 0 0 558 0
64,0.25,3,20662906,16.5,0.0233856893542757,536,22920,30,0 317 0 0 219 0
64,0.25,3,20662906,16.75,0.0153141361256544,351,22920,30,0 152 0 0 199 0
64,0.25,3,20662906,17,0.00663176265270506,152,22920,30,0 64 0 0 88 0
64,0.5,1,20663904,15.5,0.0960422163588391,2184,22740,30,0 1057 0 0 1127 0
64,0.5,1,20663904,15.75,0.0408970976253298,930,22740,30,0 525 0 0 405 0
64,0.5,1,20663904,16,0.0560246262093228,1274,22740,30,0 716 0 0 558 0
64,0.5,1,20663904,16.25,0.0365875109938434,832,22740,30,0 352 0 0 480 0
64,0.5,1,20663904,16.5,0.0197009674582234,448,22740,30,0 226 0 0 222 0
64,0.5,1,20663904,16.75,0.0125769569041337,286,22740,30,0 204 0 0 82 0
64,0.5,1,20663904,17,0.00131926121372032,30,22740,30,0 0 0 0 30 0
64,0.5,2,20663905,15.5,0.0845646437994723,1923,22740,30,0 915 0 0 1008 0
64,0.5,2,20663905,15.75,0.08051890941073,1831,22740,30,0 825 0 0 1006 0
64,0.5,2,20663905,16,0.0504397537379068,1147,22740,30,0 685 0 0 462 0
64,0.5,2,20663905,16.25,0.0317941952506596,723,22740,30,8 454 0 0 261 0
64,0.5,2,20663905,16.5,0.0147317502198769,335,22740,30,0 108 0 0 227 0
64,0.5,2,20663905,16.75,0.00835532102022867,190,22740,30,0 92 0 0 98 0
64,0.5,2,20663905,17,0.000175901495162709,4,22740,30,0 0 0 0 4 0
64,0.5,3,20663906,15.5,0.0959982409850484,2183,22740,30,0 932 0 0 1251 0
64,0.5,3,20663906,15.75,0.0756816182937555,1721,22740,30,0 906 0 0 815 0
64,0.5,3,20663906,16,0.063764291996482,1450,22740,30,0 910 0 0 540 0
64,0.5,3,20663906,16.25,0.0440633245382586,1002,22740,30,0 463 0 0 539 0
64,0.5,3,20663906,16.5,0.0183377308707124,417,22740,30,0 260 0 0 157 0
64,0.5,3,20663906,16.75,0.00659630606860158,150,22740,30,0 83 0 0 67 0
64,0.5,3,20663906,17,0.0131046613896218,298,22740,30,0 115 0 0 183 0
