M,lambda,snr_dB,BER,BLER_joint,error_total,bits_total,frames,repetitions,errors_per_stream,BLER_per_stream,R_code,R_bpcu,Goodput,E_model,E_empirical,valid_D_point,zero_errors
8,0,7.5,0.0514756944444444,0.533333333333333,1779,34560,90,3,1575 44 160,0.5 0.0111111111111 0.0555555555556,0.5,1.5,0.7,1,0.996643518518518,1,0
8,0,7.75,0.0266203703703704,0.311111111111111,920,34560,90,3,918 0 2,0.3 0 0.0111111111111,0.5,1.5,1.03333333333333,1,0.995254629629629,1,0
8,0,8,0.0244502314814815,0.233333333333333,845,34560,90,3,803 0 42,0.222222222222 0 0.0222222222222,0.5,1.5,1.15,1,1.00532407407407,1,0
8,0,8.25,0.0185474537037037,0.166666666666667,641,34560,90,3,641 0 0,0.166666666667 0 0,0.5,1.5,1.25,1,0.999537037037037,1,0
8,0,8.5,0.00376157407407407,0.0666666666666667,130,34560,90,3,126 4 0,0.0666666666667 0.0111111111111 0,0.5,1.5,1.4,1,1.00509259259259,1,0
8,0,8.75,0.00300925925925926,0.0333333333333333,104,34560,90,3,104 0 0,0.0333333333333 0 0,0.5,1.5,1.45,1,0.997916666666666,1,0
8,0,9,0.00133101851851852,0.0333333333333333,46,34560,90,3,46 0 0,0.0333333333333 0 0,0.5,1.5,1.45,1,0.997569444444444,0,0
8,0.25,7.5,0.0430154564012832,0.433333333333333,1475,34290,90,3,1255 121 99,0.4 0.0444444444444 0.0444444444444,0.49609375,1.48828125,0.843359375,1.11009360810436,1.08344907407407,1,0
8,0.25,7.75,0.0240303295421406,0.233333333333333,824,34290,90,3,790 14 20,0.222222222222 0.0111111111111 0.0111111111111,0.49609375,1.48828125,1.141015625,1.11009360810436,1.0869212962963,1,0
8,0.25,8,0.0166812481773112,0.255555555555556,572,34290,90,3,548 16 8,0.255555555556 0.0111111111111 0.0111111111111,0.49609375,1.48828125,1.10794270833333,1.11009360810436,1.0880787037037,1,0
8,0.25,8.25,0.00554097404491105,0.0666666666666667,190,34290,90,3,190 0 0,0.0666666666667 0 0,0.49609375,1.48828125,1.3890625,1.11009360810436,1.0869212962963,1,0
8,0.25,8.5,0.0037037037037037,0.0555555555555556,127,34290,90,3,127 0 0,0.0555555555556 0 0,0.49609375,1.48828125,1.40559895833333,1.11009360810436,1.08425925925926,1,0
8,0.25,8.75,0.000699912510936133,0.0111111111111111,24,34290,90,3,24 0 0,0.0111111111111 0 0,0.49609375,1.48828125,1.47174479166667,1.11009360810436,1.08090277777778,0,0
8,0.25,9,0.000466608340624089,0.0222222222222222,16,34290,90,3,16 0 0,0.0222222222222 0 0,0.49609375,1.48828125,1.45520833333333,1.11009360810436,1.08449074074074,0,0
8,0.5,7.5,0.0269459298871064,0.255555555555556,907,33660,90,3,588 290 29,0.188888888889 0.0888888888889 0.0222222222222,0.486979166666667,1.4609375,1.08758680555556,1.21434183223569,1.17326388888889,1,0
8,0.5,7.75,0.0116755793226381,0.144444444444444,393,33660,90,3,264 121 8,0.1 0.0333333333333 0.0111111111111,0.486979166666667,1.4609375,1.24991319444444,1.21434183223569,1.17326388888889,1,0
8,0.5,8,0.00680332739156269,0.0666666666666667,229,33660,90,3,145 70 14,0.0444444444444 0.0222222222222 0.0111111111111,0.486979166666667,1.4609375,1.36354166666667,1.21434183223569,1.17592592592593,1,0
8,0.5,8.25,0.00320855614973262,0.0555555555555556,108,33660,90,3,92 0 16,0.0444444444444 0 0.0111111111111,0.486979166666667,1.4609375,1.37977430555556,1.21434183223569,1.17199074074074,1,0
8,0.5,8.5,0.00451574569221628,0.0555555555555556,152,33660,90,3,92 60 0,0.0444444444444 0.0222222222222 0,0.486979166666667,1.4609375,1.37977430555556,1.21434183223569,1.1744212962963,1,0
8,0.5,8.75,0.0005941770647653,0.0111111111111111,20,33660,90,3,20 0 0,0.0111111111111 0 0,0.486979166666667,1.4609375,1.44470486111111,1.21434183223569,1.17106481481481,0,0
8,0.5,9,0,0,0,33660,90,3,0 0 0,0 0 0,0.486979166666667,1.4609375,1.4609375,1.21434183223569,1.17268518518518,0,1
16,0,9.5,0.118923611111111,0.866666666666667,5480,46080,90,3,2729 78 2536 137,0.666666666667 0.0666666666667 0.611111111111 0.0555555555556,0.5,2,0.266666666666667,1,1.00270833333333,0,0
16,0,9.75,0.0896267361111111,0.788888888888889,4130,46080,90,3,2428 78 1612 12,0.6 0.0444444444444 0.477777777778 0.0222222222222,0.5,2,0.422222222222222,1,1.00229166666667,1,0
16,0,10,0.0594401041666667,0.655555555555556,2739,46080,90,3,1401 48 1290 0,0.411111111111 0.0111111111111 0.377777777778 0,0.5,2,0.688888888888889,1,0.999791666666667,1,0
16,0,10.25,0.0315104166666667,0.377777777777778,1452,46080,90,3,498 0 918 36,0.133333333333 0 0.288888888889 0.0111111111111,0.5,2,1.24444444444444,1,1.00090277777778,1,0
16,0,10.5,0.0165364583333333,0.266666666666667,762,46080,90,3,315 0 439 8,0.133333333333 0 0.155555555556 0.0111111111111,0.5,2,1.46666666666667,1,1.00368055555556,1,0
16,0,10.75,0.00544704861111111,0.122222222222222,251,46080,90,3,117 0 134 0,0.0555555555556 0 0.0777777777778 0,0.5,2,1.75555555555556,1,0.987916666666667,1,0
16,0,11,0.00516493055555556,0.0888888888888889,238,46080,90,3,128 0 110 0,0.0555555555556 0 0.0444444444444 0,0.5,2,1.82222222222222,1,0.999513888888889,1,0
16,0.25,9.5,0.104313725490196,0.877777777777778,4788,45900,90,3,2362 50 2271 105,0.688888888889 0.0222222222222 0.611111111111 0.0333333333333,0.498046875,1.9921875,0.243489583333333,1.07973439942035,1.04472222222222,0,0
16,0.25,9.75,0.0829411764705882,0.711111111111111,3807,45900,90,3,1787 60 1750 210,0.477777777778 0.0333333333333 0.477777777778 0.0666666666667,0.498046875,1.9921875,0.575520833333333,1.07973439942035,1.044375,1,0
16,0.25,10,0.0456862745098039,0.533333333333333,2097,45900,90,3,933 0 1164 0,0.322222222222 0 0.366666666667 0,0.498046875,1.9921875,0.9296875,1.07973439942035,1.04069444444444,1,0
16,0.25,10.25,0.0215686274509804,0.3,990,45900,90,3,538 2 450 0,0.188888888889 0.0111111111111 0.144444444444 0,0.498046875,1.9921875,1.39453125,1.07973439942035,1.03875,1,0
16,0.25,10.5,0.0191285403050109,0.266666666666667,878,45900,90,3,402 36 432 8,0.133333333333 0.0222222222222 0.155555555556 0.0111111111111,0.498046875,1.9921875,1.4609375,1.07973439942035,1.04208333333333,1,0
16,0.25,10.75,0.0124400871459695,0.166666666666667,571,45900,90,3,391 0 180 0,0.122222222222 0 0.0666666666667 0,0.498046875,1.9921875,1.66015625,1.07973439942035,1.04291666666667,1,0
16,0.25,11,0.00296296296296296,0.0555555555555556,136,45900,90,3,76 0 60 0,0.0444444444444 0 0.0222222222222 0,0.498046875,1.9921875,1.88151041666667,1.07973439942035,1.04020833333333,1,0
16,0.5,9.5,0.0745811287477954,0.744444444444444,3383,45360,90,3,1619 145 1419 200,0.522222222222 0.0777777777778 0.455555555556 0.0555555555556,0.4921875,1.96875,0.503125,1.15790025465738,1.12305555555556,1,0
16,0.5,9.75,0.0550485008818342,0.533333333333333,2497,45360,90,3,1340 53 924 180,0.411111111111 0.0222222222222 0.255555555556 0.0555555555556,0.4921875,1.96875,0.91875,1.15790025465738,1.12027777777778,1,0
16,0.5,10,0.02663139329806,0.377777777777778,1208,45360,90,3,676 0 506 26,0.233333333333 0 0.2 0.0111111111111,0.4921875,1.96875,1.225,1.15790025465738,1.125625,1,0
16,0.5,10.25,0.020679012345679,0.288888888888889,938,45360,90,3,443 2 468 25,0.166666666667 0.0111111111111 0.166666666667 0.0222222222222,0.4921875,1.96875,1.4,1.15790025465738,1.12138888888889,1,0
16,0.5,10.5,0.0107363315696649,0.188888888888889,487,45360,90,3,218 42 166 61,0.0777777777778 0.0111111111111 0.1 0.0333333333333,0.4921875,1.96875,1.596875,1.15790025465738,1.12013888888889,1,0
16,0.5,10.75,0.00317460317460317,0.0555555555555556,144,45360,90,3,24 0 120 0,0.0111111111111 0 0.0555555555556 0,0.4921875,1.96875,1.859375,1.15790025465738,1.12256944444444,1,0
16,0.5,11,0.00562169312169312,0.0777777777777778,255,45360,90,3,120 0 123 12,0.0333333333333 0 0.0444444444444 0.0111111111111,0.4921875,1.96875,1.815625,1.15790025465738,1.12416666666667,1,0
32,0,13.5,0.106805555555556,0.911111111111111,6152,57600,90,3,0 2635 0 3178 339,0 0.688888888889 0 0.766666666667 0.1,0.5,2.5,0.222222222222222,1,0.992708333333334,0,0
32,0,13.75,0.0805902777777778,0.855555555555556,4642,57600,90,3,0 2345 0 2159 138,0 0.622222222222 0 0.633333333333 0.0444444444444,0.5,2.5,0.361111111111111,1,0.999358974358974,1,0
32,0,14,0.0454166666666667,0.611111111111111,2616,57600,90,3,0 1321 0 1277 18,0 0.4 0 0.4 0.0111111111111,0.5,2.5,0.972222222222222,1,1.0028311965812,1,0
32,0,14.25,0.0291666666666667,0.488888888888889,1680,57600,90,3,0 663 0 993 24,0 0.222222222222 0 0.311111111111 0.0222222222222,0.5,2.5,1.27777777777778,1,0.991399572649573,1,0
32,0,14.5,0.01796875,0.4,1035,57600,90,3,0 391 0 644 0,0 0.188888888889 0 0.255555555556 0,0.5,2.5,1.5,1,0.996153846153846,1,0
32,0,14.75,0.00800347222222222,0.155555555555556,461,57600,90,3,0 334 0 127 0,0 0.0777777777778 0 0.0888888888889 0,0.5,2.5,2.11111111111111,1,0.999332264957265,1,0
32,0,15,0.00598958333333333,0.144444444444444,345,57600,90,3,0 108 0 237 0,0 0.0444444444444 0 0.1 0,0.5,2.5,2.13888888888889,1,0.998317307692308,1,0
32,0.25,13.5,0.115923009623797,0.933333333333333,6625,57150,90,3,0 3249 0 2918 458,0 0.766666666667 0 0.788888888889 0.188888888889,0.49609375,2.48046875,0.165364583333333,1.1290145216192,1.09281517094017,0,0
32,0.25,13.75,0.0784601924759405,0.855555555555556,4484,57150,90,3,0 2241 0 2171 72,0 0.644444444444 0 0.666666666667 0.0222222222222,0.49609375,2.48046875,0.358289930555556,1.1290145216192,1.09503205128205,1,0
32,0.25,14,0.0488363954505687,0.711111111111111,2791,57150,90,3,0 1465 0 1282 44,0 0.433333333333 0 0.433333333333 0.0111111111111,0.49609375,2.48046875,0.716579861111111,1.1290145216192,1.09660790598291,1,0
32,0.25,14.25,0.0216097987751531,0.411111111111111,1235,57150,90,3,0 654 0 580 1,0 0.266666666667 0 0.2 0.0111111111111,0.49609375,2.48046875,1.46072048611111,1.1290145216192,1.08808760683761,1,0
32,0.25,14.5,0.0185126859142607,0.366666666666667,1058,57150,90,3,0 571 0 487 0,0 0.244444444444 0 0.155555555556 0,0.49609375,2.48046875,1.57096354166667,1.1290145216192,1.09003739316239,1,0
32,0.25,14.75,0.0128083989501312,0.255555555555556,732,57150,90,3,0 328 0 404 0,0 0.122222222222 0 0.144444444444 0,0.49609375,2.48046875,1.84657118055556,1.1290145216192,1.09497863247863,1,0
32,0.25,15,0.00356955380577428,0.1,204,57150,90,3,0 166 0 38 0,0 0.0666666666667 0 0.0333333333333 0,0.49609375,2.48046875,2.232421875,1.1290145216192,1.09268162393162,1,0
32,0.5,13.5,0.0985645933014354,0.9,5562,56430,90,3,0 2793 0 2625 144,0 0.755555555556 0 0.688888888889 0.0444444444444,0.48984375,2.44921875,0.244921875,1.26409130061044,1.20272435897436,1,0
32,0.5,13.75,0.0707070707070707,0.755555555555556,3990,56430,90,3,0 2222 0 1690 78,0 0.577777777778 0 0.488888888889 0.0444444444444,0.48984375,2.44921875,0.598697916666667,1.26409130061044,1.20232371794872,1,0
32,0.5,14,0.0459861775651249,0.633333333333333,2595,56430,90,3,0 1620 0 975 0,0 0.455555555556 0 0.322222222222 0,0.48984375,2.44921875,0.898046875,1.26409130061044,1.20614316239316,1,0
32,0.5,14.25,0.0325890483785221,0.5,1839,56430,90,3,0 901 0 938 0,0 0.3 0 0.311111111111 0,0.48984375,2.44921875,1.224609375,1.26409130061044,1.20133547008547,1,0
32,0.5,14.5,0.0189261031366295,0.344444444444444,1068,56430,90,3,0 575 0 493 0,0 0.211111111111 0 0.177777777778 0,0.48984375,2.44921875,1.60559895833333,1.26409130061044,1.20189636752137,1,0
32,0.5,14.75,0.012581959950381,0.244444444444444,710,56430,90,3,0 316 0 394 0,0 0.122222222222 0 0.133333333333 0,0.48984375,2.44921875,1.85052083333333,1.26409130061044,1.2008547008547,1,0
32,0.5,15,0.00386319333687755,0.111111111111111,218,56430,90,3,0 130 0 88 0,0 0.0555555555556 0 0.0555555555556 0,0.48984375,2.44921875,2.17708333333333,1.26409130061044,1.20889423076923,1,0
64,0,15.5,0.100303819444444,0.988888888888889,6933,69120,90,3,0 3121 0 0 3812 0,0 0.766666666667 0 0 0.933333333333 0,0.5,3,0.0333333333333332,1,0.992559523809524,0,0
64,0,15.75,0.071875,0.922222222222222,4968,69120,90,3,0 2165 0 0 2803 0,0 0.655555555556 0 0 0.688888888889 0,0.5,3,0.233333333333333,1,0.996990740740741,1,0
64,0,16,0.0503616898148148,0.766666666666667,3481,69120,90,3,0 1812 0 0 1669 0,0 0.511111111111 0 0 0.466666666667 0,0.5,3,0.7,1,1.00391865079365,1,0
64,0,16.25,0.0336516203703704,0.6,2326,69120,90,3,0 1248 0 0 1078 0,0 0.344444444444 0 0 0.366666666667 0,0.5,3,1.2,1,0.992493386243386,1,0
64,0,16.5,0.0189814814814815,0.377777777777778,1312,69120,90,3,0 560 0 0 752 0,0 0.188888888889 0 0 0.211111111111 0,0.5,3,1.86666666666667,1,1.00289351851852,1,0
64,0,16.75,0.00679976851851852,0.2,470,69120,90,3,0 198 0 0 272 0,0 0.0888888888889 0 0 0.122222222222 0,0.5,3,2.4,1,1.0004794973545,1,0
64,0,17,0.00321180555555556,0.0666666666666667,222,69120,90,3,0 98 0 0 124 0,0 0.0333333333333 0 0 0.0333333333333 0,0.5,3,2.8,1,1.00537367724868,1,0
64,0.25,15.5,0.0884816753926702,0.933333333333333,6084,68760,90,3,0 3326 0 0 2758 0,0 0.811111111111 0 0 0.722222222222 0,0.497395833333333,2.984375,0.198958333333333,1.0930968560977,1.05801917989418,1,0
64,0.25,15.75,0.0667684700407214,0.833333333333333,4591,68760,90,3,0 2017 0 0 2574 0,0 0.555555555556 0 0 0.633333333333 0,0.497395833333333,2.984375,0.497395833333333,1.0930968560977,1.05871362433862,1,0
64,0.25,16,0.0542757417102967,0.777777777777778,3732,68760,90,3,0 1886 0 0 1846 0,0 0.522222222222 0 0 0.533333333333 0,0.497395833333333,2.984375,0.663194444444444,1.0930968560977,1.06150793650794,1,0
64,0.25,16.25,0.0415503199534613,0.722222222222222,2857,68760,90,3,0 1319 0 0 1538 0,0 0.422222222222 0 0 0.444444444444 0,0.497395833333333,2.984375,0.828993055555556,1.0930968560977,1.05811838624339,1,0
64,0.25,16.5,0.0167975567190227,0.377777777777778,1155,68760,90,3,0 583 0 0 572 0,0 0.222222222222 0 0 0.2 0,0.497395833333333,2.984375,1.85694444444444,1.0930968560977,1.06332671957672,1,0
64,0.25,16.75,0.0129290285049447,0.288888888888889,889,68760,90,3,0 453 0 0 436 0,0 0.144444444444 0 0 0.144444444444 0,0.497395833333333,2.984375,2.12222222222222,1.0930968560977,1.06185515873016,1,0
64,0.25,17,0.00692262943571844,0.155555555555556,476,68760,90,3,0 140 0 0 336 0,0 0.0777777777778 0 0 0.0888888888889 0,0.497395833333333,2.984375,2.52013888888889,1.0930968560977,1.05929232804233,1,0
64,0.5,15.5,0.0922017003811199,0.977777777777778,6290,68220,90,3,0 2904 0 0 3386 0,0 0.777777777778 0 0 0.822222222222 0,0.493489583333333,2.9609375,0.0657986111111112,1.19006999123368,1.1322585978836,1,0
64,0.5,15.75,0.0656992084432718,0.822222222222222,4482,68220,90,3,0 2256 0 0 2226 0,0 0.644444444444 0 0 0.533333333333 0,0.493489583333333,2.9609375,0.526388888888889,1.19006999123368,1.13561507936508,1,0
64,0.5,16,0.0567428906479038,0.766666666666667,3871,68220,90,3,0 2311 0 0 1560 0,0 0.588888888889 0 0 0.4 0,0.493489583333333,2.9609375,0.690885416666666,1.19006999123368,1.13422619047619,1,0
64,0.5,16.25,0.0374816769275872,0.633333333333333,2557,68220,90,3,8 1269 0 0 1280 0,0.0111111111111 0.388888888889 0 0 0.388888888889 0,0.493489583333333,2.9609375,1.08567708333333,1.19006999123368,1.12943121693122,1,0
64,0.5,16.5,0.0175901495162709,0.411111111111111,1200,68220,90,3,0 594 0 0 606 0,0 0.2 0 0 0.211111111111 0,0.493489583333333,2.9609375,1.74366319444444,1.19006999123368,1.13363095238095,1,0
64,0.5,16.75,0.00917619466432131,0.233333333333333,626,68220,90,3,0 379 0 0 247 0,0 0.133333333333 0 0 0.111111111111 0,0.493489583333333,2.9609375,2.27005208333333,1.19006999123368,1.13812830687831,1,0
64,0.5,17,0.00486660803283495,0.133333333333333,332,68220,90,3,0 115 0 0 217 0,0 0.0444444444444 0 0 0.1 0,0.493489583333333,2.9609375,2.56614583333333,1.19006999123368,1.12994378306878,1,0
