M,lambda,snr_dB,BER,BLER_joint,error_total,bits_total,frames,errors_per_stream,R_code,R_bpcu,Goodput,E_model,E_empirical,in_waterfall,zero_errors
8,0,0,0.49375,1,5688,11520,30,1955 1843 1890,0.5,1.5,0,1,0.997569444444444,0,0
8,0,2,0.488020833333333,1,5622,11520,30,1926 1803 1893,0.5,1.5,0,1,0.988541666666666,0,0
8,0,4,0.447395833333333,1,5154,11520,30,1919 1638 1597,0.5,1.5,0,1,1.01458333333333,0,0
8,0,6,0.237326388888889,1,2734,11520,30,1674 654 406,0.5,1.5,0,1,1.00104166666667,0,0
8,0,8,0.0125868055555556,0.233333333333333,145,11520,30,121 24 0,0.5,1.5,1.15,1,0.988541666666666,1,0
8,0,10,0,0,0,11520,30,0 0 0,0.5,1.5,1.5,1,0.994444444444444,0,1
8,0,12,0,0,0,11520,30,0 0 0,0.5,1.5,1.5,1,1.00208333333333,0,1
8,0,14,0,0,0,11520,30,0 0 0,0.5,1.5,1.5,1,0.989583333333333,0,1
8,0,16,0,0,0,11520,30,0 0 0,0.5,1.5,1.5,1,0.996180555555555,0,1
8,0,18,0,0,0,11520,30,0 0 0,0.5,1.5,1.5,1,1.00208333333333,0,1
8,0.25,0,0.48678915135608,1,5564,11430,30,1900 1822 1842,0.49609375,1.48828125,0,1.11009360810436,1.08368055555556,0,0
8,0.25,2,0.493000874890639,1,5635,11430,30,1905 1837 1893,0.49609375,1.48828125,0,1.11009360810436,1.09097222222222,0,0
8,0.25,4,0.45161854768154,1,5162,11430,30,1786 1614 1762,0.49609375,1.48828125,0,1.11009360810436,1.08333333333333,0,0
8,0.25,6,0.221609798775153,1,2533,11430,30,1569 534 430,0.49609375,1.48828125,0,1.11009360810436,1.08680555555556,0,0
8,0.25,8,0.0182852143482065,0.133333333333333,209,11430,30,158 51 0,0.49609375,1.48828125,1.28984375,1.11009360810436,1.08680555555556,1,0
8,0.25,10,0,0,0,11430,30,0 0 0,0.49609375,1.48828125,1.48828125,1.11009360810436,1.08645833333333,0,1
8,0.25,12,0,0,0,11430,30,0 0 0,0.49609375,1.48828125,1.48828125,1.11009360810436,1.08888888888889,0,1
8,0.25,14,0,0,0,11430,30,0 0 0,0.49609375,1.48828125,1.48828125,1.11009360810436,1.08576388888889,0,1
8,0.25,16,0,0,0,11430,30,0 0 0,0.49609375,1.48828125,1.48828125,1.11009360810436,1.08819444444444,0,1
8,0.25,18,0,0,0,11430,30,0 0 0,0.49609375,1.48828125,1.48828125,1.11009360810436,1.08923611111111,0,1
8,0.5,0,0.496969696969697,1,5576,11220,30,1889 1738 1949,0.486979166666667,1.4609375,0,1.21434183223569,1.17430555555556,0,0
8,0.5,2,0.48270944741533,1,5416,11220,30,1913 1742 1761,0.486979166666667,1.4609375,0,1.21434183223569,1.18194444444444,0,0
8,0.5,4,0.466042780748663,1,5229,11220,30,1894 1666 1669,0.486979166666667,1.4609375,0,1.21434183223569,1.17916666666667,0,0
8,0.5,6,0.211942959001783,0.966666666666667,2378,11220,30,1368 546 464,0.486979166666667,1.4609375,0.0486979166666667,1.21434183223569,1.17222222222222,0,0
8,0.5,8,0.0154188948306595,0.1,173,11220,30,133 0 40,0.486979166666667,1.4609375,1.31484375,1.21434183223569,1.17222222222222,1,0
8,0.5,10,0,0,0,11220,30,0 0 0,0.486979166666667,1.4609375,1.4609375,1.21434183223569,1.17430555555556,0,1
8,0.5,12,0,0,0,11220,30,0 0 0,0.486979166666667,1.4609375,1.4609375,1.21434183223569,1.17083333333333,0,1
8,0.5,14,0,0,0,11220,30,0 0 0,0.486979166666667,1.4609375,1.4609375,1.21434183223569,1.17326388888889,0,1
8,0.5,16,0,0,0,11220,30,0 0 0,0.486979166666667,1.4609375,1.4609375,1.21434183223569,1.17361111111111,0,1
8,0.5,18,0,0,0,11220,30,0 0 0,0.486979166666667,1.4609375,1.4609375,1.21434183223569,1.175,0,1
16,0,0,0.509635416666667,1,7828,15360,30,1961 1926 1995 1946,0.5,2,0,1,1.00520833333333,0,0
16,0,2,0.494401041666667,1,7594,15360,30,1908 1884 1881 1921,0.5,2,0,1,0.983958333333333,0,0
16,0,4,0.4953125,1,7608,15360,30,1874 1888 1938 1908,0.5,2,0,1,1.00645833333333,0,0
16,0,6,0.469791666666667,1,7216,15360,30,1888 1712 1905 1711,0.5,2,0,1,0.994791666666667,0,0
16,0,8,0.292513020833333,1,4493,15360,30,1630 542 1786 535,0.5,2,0,1,1.004375,0,0
16,0,10,0.041796875,0.466666666666667,642,15360,30,213 0 429 0,0.5,2,1.06666666666667,1,0.993958333333333,1,0
16,0,12,0,0,0,15360,30,0 0 0 0,0.5,2,2,1,1.00395833333333,0,1
16,0,14,0,0,0,15360,30,0 0 0 0,0.5,2,2,1,0.998125,0,1
16,0,16,0,0,0,15360,30,0 0 0 0,0.5,2,2,1,1.00166666666667,0,1
16,0,18,0,0,0,15360,30,0 0 0 0,0.5,2,2,1,1.00125,0,1
16,0.25,0,0.497124183006536,1,7606,15300,30,1872 1924 1909 1901,0.498046875,1.9921875,0,1.07973439942035,1.046875,0,0
16,0.25,2,0.498039215686275,1,7620,15300,30,1862 1904 1920 1934,0.498046875,1.9921875,0,1.07973439942035,1.04958333333333,0,0
16,0.25,4,0.483660130718954,1,7400,15300,30,1887 1822 1894 1797,0.498046875,1.9921875,0,1.07973439942035,1.03875,0,0
16,0.25,6,0.46843137254902,1,7167,15300,30,1841 1717 1874 1735,0.498046875,1.9921875,0,1.07973439942035,1.04208333333333,0,0
16,0.25,8,0.268300653594771,1,4105,15300,30,1563 509 1608 425,0.498046875,1.9921875,0,1.07973439942035,1.03645833333333,0,0
16,0.25,10,0.0656862745098039,0.8,1005,15300,30,368 16 621 0,0.498046875,1.9921875,0.3984375,1.07973439942035,1.04354166666667,1,0
16,0.25,12,0,0,0,15300,30,0 0 0 0,0.498046875,1.9921875,1.9921875,1.07973439942035,1.041875,0,1
16,0.25,14,0,0,0,15300,30,0 0 0 0,0.498046875,1.9921875,1.9921875,1.07973439942035,1.03854166666667,0,1
16,0.25,16,0,0,0,15300,30,0 0 0 0,0.498046875,1.9921875,1.9921875,1.07973439942035,1.045,0,1
16,0.25,18,0,0,0,15300,30,0 0 0 0,0.498046875,1.9921875,1.9921875,1.07973439942035,1.03520833333333,0,1
16,0.5,0,0.492857142857143,1,7452,15120,30,1892 1888 1859 1813,0.4921875,1.96875,0,1.15790025465738,1.11645833333333,0,0
16,0.5,2,0.500132275132275,1,7562,15120,30,1920 1911 1869 1862,0.4921875,1.96875,0,1.15790025465738,1.12041666666667,0,0
16,0.5,4,0.490608465608466,1,7418,15120,30,1905 1812 1933 1768,0.4921875,1.96875,0,1.15790025465738,1.116875,0,0
16,0.5,6,0.466269841269841,1,7050,15120,30,1844 1723 1812 1671,0.4921875,1.96875,0,1.15790025465738,1.11833333333333,0,0
16,0.5,8,0.291269841269841,1,4404,15120,30,1558 560 1694 592,0.4921875,1.96875,0,1.15790025465738,1.12520833333333,0,0
16,0.5,10,0.0527777777777778,0.666666666666667,798,15120,30,332 0 382 84,0.4921875,1.96875,0.65625,1.15790025465738,1.12666666666667,1,0
16,0.5,12,0,0,0,15120,30,0 0 0 0,0.4921875,1.96875,1.96875,1.15790025465738,1.11375,0,1
16,0.5,14,0,0,0,15120,30,0 0 0 0,0.4921875,1.96875,1.96875,1.15790025465738,1.12145833333333,0,1
16,0.5,16,0,0,0,15120,30,0 0 0 0,0.4921875,1.96875,1.96875,1.15790025465738,1.13020833333333,0,1
16,0.5,18,0,0,0,15120,30,0 0 0 0,0.4921875,1.96875,1.96875,1.15790025465738,1.12020833333333,0,1
32,0,0,0.473385416666667,1,9089,19200,30,1914 1967 1336 1947 1925,0.5,2.5,0,1,0.997676282051282,0,0
32,0,2,0.4396875,1,8442,19200,30,1920 1894 906 1839 1883,0.5,2.5,0,1,0.992548076923077,0,0
32,0,4,0.398020833333333,1,7642,19200,30,1757 1902 175 1883 1925,0.5,2.5,0,1,1.00913461538462,0,0
32,0,6,0.368229166666667,1,7070,19200,30,1418 1879 0 1904 1869,0.5,2.5,0,1,0.987900641025641,0,0
32,0,8,0.316770833333333,1,6082,19200,30,480 1901 0 1892 1809,0.5,2.5,0,1,0.994551282051282,0,0
32,0,10,0.292604166666667,1,5618,19200,30,22 1895 0 1851 1850,0.5,2.5,0,1,1.00104166666667,0,0
32,0,12,0.2253125,1,4326,19200,30,0 1760 0 1714 852,0.5,2.5,0,1,1.00673076923077,0,0
32,0,14,0.0538541666666667,0.8,1034,19200,30,0 458 0 572 4,0.5,2.5,0.5,1,1.00913461538462,1,0
32,0,16,0,0,0,19200,30,0 0 0 0 0,0.5,2.5,2.5,1,0.992948717948718,0,1
32,0,18,0,0,0,19200,30,0 0 0 0 0,0.5,2.5,2.5,1,1.00753205128205,0,1
32,0.25,0,0.471758530183727,1,8987,19050,30,1842 1876 1339 1984 1946,0.49609375,2.48046875,0,1.1290145216192,1.08717948717949,0,0
32,0.25,2,0.407349081364829,1,7760,19050,30,1827 1960 132 1942 1899,0.49609375,2.48046875,0,1.1290145216192,1.08525641025641,0,0
32,0.25,4,0.395223097112861,1,7529,19050,30,1802 1860 30 1899 1938,0.49609375,2.48046875,0,1.1290145216192,1.09350961538462,0,0
32,0.25,6,0.371758530183727,1,7082,19050,30,1315 1906 0 1932 1929,0.49609375,2.48046875,0,1.1290145216192,1.09727564102564,0,0
32,0.25,8,0.330813648293963,1,6302,19050,30,600 1958 0 1860 1884,0.49609375,2.48046875,0,1.1290145216192,1.09879807692308,0,0
32,0.25,10,0.290131233595801,1,5527,19050,30,20 1863 0 1922 1722,0.49609375,2.48046875,0,1.1290145216192,1.09839743589744,0,0
32,0.25,12,0.240367454068241,1,4579,19050,30,2 1792 0 1777 1008,0.49609375,2.48046875,0,1.1290145216192,1.10088141025641,0,0
32,0.25,14,0.0537007874015748,0.8,1023,19050,30,0 611 0 412 0,0.49609375,2.48046875,0.49609375,1.1290145216192,1.09182692307692,1,0
32,0.25,16,0,0,0,19050,30,0 0 0 0 0,0.49609375,2.48046875,2.48046875,1.1290145216192,1.08926282051282,0,1
32,0.25,18,0,0,0,19050,30,0 0 0 0 0,0.49609375,2.48046875,2.48046875,1.1290145216192,1.10040064102564,0,1
32,0.5,0,0.43498139287613,1,8182,18810,30,1788 1911 619 1914 1950,0.48984375,2.44921875,0,1.26409130061044,1.21274038461538,0,0
32,0.5,2,0.395746943115364,1,7444,18810,30,1766 1807 98 1938 1835,0.48984375,2.44921875,0,1.26409130061044,1.20152243589744,0,0
32,0.5,4,0.392131844763424,1,7376,18810,30,1753 1858 0 1898 1867,0.48984375,2.44921875,0,1.26409130061044,1.20737179487179,0,0
32,0.5,6,0.381127060074428,1,7169,18810,30,1515 1847 0 1893 1914,0.48984375,2.44921875,0,1.26409130061044,1.20769230769231,0,0
32,0.5,8,0.351143009037746,1,6605,18810,30,975 1831 0 1881 1918,0.48984375,2.44921875,0,1.26409130061044,1.19879807692308,0,0
32,0.5,10,0.292344497607656,1,5499,18810,30,113 1833 0 1847 1706,0.48984375,2.44921875,0,1.26409130061044,1.20857371794872,0,0
32,0.5,12,0.232589048378522,1,4375,18810,30,0 1762 0 1758 855,0.48984375,2.44921875,0,1.26409130061044,1.2068108974359,0,0
32,0.5,14,0.0503455608718767,0.6,947,18810,30,0 443 0 490 14,0.48984375,2.44921875,0.9796875,1.26409130061044,1.20657051282051,1,0
32,0.5,16,0,0,0,18810,30,0 0 0 0 0,0.48984375,2.44921875,2.44921875,1.26409130061044,1.20657051282051,0,1
32,0.5,18,0,0,0,18810,30,0 0 0 0 0,0.48984375,2.44921875,2.44921875,1.26409130061044,1.20272435897436,0,1
64,0,0,0.492447916666667,1,11346,23040,30,1944 1949 1856 1904 1910 1783,0.5,3,0,1,1.00267857142857,0,0
64,0,2,0.465755208333333,1,10731,23040,30,1919 1952 1518 1904 1849 1589,0.5,3,0,1,0.997123015873016,0,0
64,0,4,0.406901041666667,1,9375,23040,30,1882 1930 826 1910 1864 963,0.5,3,0,1,1.00133928571429,0,0
64,0,6,0.331770833333333,1,7644,23040,30,1786 1905 66 1876 1897 114,0.5,3,0,1,0.998859126984127,0,0
64,0,8,0.301171875,1,6939,23040,30,1493 1880 14 1619 1933 0,0.5,3,0,1,0.998363095238095,0,0
64,0,10,0.214366319444444,1,4939,23040,30,446 1906 0 676 1911 0,0.5,3,0,1,0.983829365079365,0,0
64,0,12,0.168012152777778,1,3871,23040,30,48 1919 0 86 1818 0,0.5,3,0,1,0.997619047619047,0,0
64,0,14,0.156076388888889,1,3596,23040,30,0 1791 0 6 1799 0,0.5,3,0,1,1.0139880952381,0,0
64,0,16,0.0555121527777778,0.866666666666667,1279,23040,30,0 903 0 0 376 0,0.5,3,0.4,1,1.00029761904762,1,0
64,0,18,0,0,0,23040,30,0 0 0 0 0 0,0.5,3,3,1,1.00332341269841,0,1
64,0.25,0,0.48804537521815,1,11186,22920,30,1843 1881 1783 1844 1954 1881,0.497395833333333,2.984375,0,1.0930968560977,1.06329365079365,0,0
64,0.25,2,0.464048865619546,1,10636,22920,30,1886 1946 1512 1887 1932 1473,0.497395833333333,2.984375,0,1.0930968560977,1.06056547619048,0,0
64,0.25,4,0.369546247818499,1,8470,22920,30,1889 1916 521 1854 1858 432,0.497395833333333,2.984375,0,1.0930968560977,1.0562996031746,0,0
64,0.25,6,0.334511343804538,1,7667,22920,30,1852 1938 1 1770 1910 196,0.497395833333333,2.984375,0,1.0930968560977,1.0610119047619,0,0
64,0.25,8,0.303403141361257,1,6954,22920,30,1377 1930 0 1740 1907 0,0.497395833333333,2.984375,0,1.0930968560977,1.05461309523809,0,0
64,0.25,10,0.220680628272251,1,5058,22920,30,656 1896 0 604 1902 0,0.497395833333333,2.984375,0,1.0930968560977,1.0546626984127,0,0
64,0.25,12,0.172556719022688,1,3955,22920,30,65 1905 0 48 1937 0,0.497395833333333,2.984375,0,1.0930968560977,1.05401785714286,0,0
64,0.25,14,0.158027923211169,1,3622,22920,30,0 1831 0 0 1791 0,0.497395833333333,2.984375,0,1.0930968560977,1.05481150793651,0,0
64,0.25,16,0.0388743455497382,0.8,891,22920,30,0 390 0 0 501 0,0.497395833333333,2.984375,0.596875,1.0930968560977,1.06309523809524,1,0
64,0.25,18,0,0,0,22920,30,0 0 0 0 0 0,0.497395833333333,2.984375,2.984375,1.0930968560977,1.06334325396825,0,1
64,0.5,0,0.481750219876869,1,10955,22740,30,1843 1966 1668 1808 1873 1797,0.493489583333333,2.9609375,0,1.19006999123368,1.13358134920635,0,0
64,0.5,2,0.438654353562005,1,9975,22740,30,1891 1920 1297 1849 1930 1088,0.493489583333333,2.9609375,0,1.19006999123368,1.12733134920635,0,0
64,0.5,4,0.355452946350044,1,8083,22740,30,1789 1887 358 1804 1868 377,0.493489583333333,2.9609375,0,1.19006999123368,1.13556547619048,0,0
64,0.5,6,0.333905013192612,1,7593,22740,30,1788 1927 48 1792 1957 81,0.493489583333333,2.9609375,0,1.19006999123368,1.13353174603175,0,0
64,0.5,8,0.301846965699208,1,6864,22740,30,1650 1857 0 1432 1925 0,0.493489583333333,2.9609375,0,1.19006999123368,1.1266369047619,0,0
64,0.5,10,0.22990325417766,1,5228,22740,30,803 1903 0 652 1870 0,0.493489583333333,2.9609375,0,1.19006999123368,1.13139880952381,0,0
64,0.5,12,0.179287598944591,1,4077,22740,30,100 1949 0 141 1887 0,0.493489583333333,2.9609375,0,1.19006999123368,1.13988095238095,0,0
64,0.5,14,0.156992084432718,1,3570,22740,30,0 1821 0 0 1749 0,0.493489583333333,2.9609375,0,1.19006999123368,1.13303571428571,0,0
64,0.5,16,0.0432717678100264,0.633333333333333,984,22740,30,0 520 0 0 464 0,0.493489583333333,2.9609375,1.08567708333333,1.19006999123368,1.13214285714286,1,0
64,0.5,18,0,0,0,22740,30,0 0 0 0 0 0,0.493489583333333,2.9609375,2.9609375,1.19006999123368,1.13050595238095,0,1
