symbol_index,I,Q,model_pmf,empirical_pmf
1,-1.37281294596729,-0.588348405414552,0.0013475,0.00546875
2,-1.37281294596729,-0.196116135138184,0.01001,0.019140625
3,-1.37281294596729,0.196116135138184,0.00539,0.01328125
4,-1.37281294596729,0.588348405414552,0.0025025,0.00859375
5,-0.98058067569092,-0.588348405414552,0.0035525,0.01171875
6,-0.98058067569092,-0.196116135138184,0.02639,0.027734375
7,-0.98058067569092,0.196116135138184,0.01421,0.020703125
8,-0.98058067569092,0.588348405414552,0.0065975,0.01875
9,-0.588348405414552,-0.588348405414552,0.0025025,0.0123046875
10,-0.588348405414552,-0.196116135138184,0.01859,0.0240234375
11,-0.588348405414552,0.196116135138184,0.01001,0.0197265625
12,-0.588348405414552,0.588348405414552,0.0046475,0.01328125
13,-0.196116135138184,-0.588348405414552,0.0065975,0.018359375
14,-0.196116135138184,-0.196116135138184,0.04901,0.04296875
15,-0.196116135138184,0.196116135138184,0.02639,0.0318359375
16,-0.196116135138184,0.588348405414552,0.0122525,0.02734375
17,0.196116135138184,-0.588348405414552,0.02639,0.02734375
18,0.196116135138184,-0.196116135138184,0.19604,0.1064453125
19,0.196116135138184,0.196116135138184,0.10556,0.0802734375
20,0.196116135138184,0.588348405414552,0.04901,0.0373046875
21,0.588348405414552,-0.588348405414552,0.01001,0.0220703125
22,0.588348405414552,-0.196116135138184,0.07436,0.0494140625
23,0.588348405414552,0.196116135138184,0.04004,0.0380859375
24,0.588348405414552,0.588348405414552,0.01859,0.019140625
25,0.98058067569092,-0.588348405414552,0.01421,0.0248046875
26,0.98058067569092,-0.196116135138184,0.10556,0.08515625
27,0.98058067569092,0.196116135138184,0.05684,0.05859375
28,0.98058067569092,0.588348405414552,0.02639,0.0294921875
29,1.37281294596729,-0.588348405414552,0.00539,0.0130859375
30,1.37281294596729,-0.196116135138184,0.04004,0.0458984375
31,1.37281294596729,0.196116135138184,0.02156,0.027734375
32,1.37281294596729,0.588348405414552,0.01001,0.019921875
