M,lambda,N,frames,source_mc_samples,match_status,KL_target_model,TV_target_model,E_target,E_model,E_empirical,E_gap_model_target,E_gap_empirical_model,E_gap_empirical_target,TV_empirical_model_point,TV_empirical_model_upper95,TV_empirical_target_point,TV_empirical_target_upper95,R_code,R_bpcu,model_fit_pass
8,0,256,40,200,exact,0,0,1,1,0.99609375,0,-0.00390625,-0.00390625,0.00771484375,0.0193359375,0.00771484375,0.019140625,0.5,1.5,1
8,0,1024,40,200,exact,0,0,1,1,0.997265625,0,-0.00273437500000007,-0.00273437500000007,0.00668945312500002,0.0113037109375,0.00668945312500002,0.0112548828125,0.5,1.5,1
8,0.25,256,40,200,exact,0,3.857983377209e-10,1.11009360861642,1.11009360810436,1.08307291666667,-5.12057729551429e-10,-0.0270206914376951,-0.0270206919497529,0.0217538528728238,0.02911515448928,0.0217538532311574,0.0287851032311573,0.49609375,1.48828125,1
8,0.25,1024,40,200,exact,0,3.857983377209e-10,1.11009360861642,1.11009360810436,1.0865234375,-5.12057729551429e-10,-0.0235701706043618,-0.0235701711164196,0.0176776279532713,0.0197772373282714,0.0176776283373147,0.0197772377123147,0.496419270833333,1.4892578125,1
8,0.5,256,40,200,exact,0,5.41095410144798e-09,1.21434182502109,1.21434183223569,1.17135416666667,7.21460535757501e-09,-0.042987665569028,-0.0429876583544226,0.0322407491767712,0.0362899369107213,0.0322407437658171,0.0363875890743629,0.486979166666667,1.4609375,1
8,0.5,1024,40,200,exact,0,5.41095410144798e-09,1.21434182502109,1.21434183223569,1.18196614583333,7.21460535757501e-09,-0.0323756864023614,-0.0323756791877561,0.0242817648017712,0.0257954366767712,0.0242817593908171,0.0257466031408171,0.4873046875,1.4619140625,1
16,0,256,40,200,exact,0,0,1,1,0.994375,0,-0.00562499999999988,-0.00562499999999988,0.02041015625,0.03056640625,0.02041015625,0.03056640625,0.5,2,1
16,0,1024,40,200,exact,0,0,1,1,0.9997265625,0,-0.000273437499999973,-0.000273437499999973,0.006787109375,0.0137939453125,0.006787109375,0.0140380859375,0.5,2,1
16,0.25,256,40,200,exact,1.52435079667456e-16,2.55699212844962e-09,1.07973439569996,1.07973439942035,1.04109375,3.72038400087149e-09,-0.0386406494203484,-0.0386406456999644,0.032158218387024,0.040298606517691,0.0321582160624779,0.0403613410624779,0.498046875,1.9921875,1
16,0.25,1024,40,200,exact,1.52435079667456e-16,2.55699212844962e-09,1.07973439569996,1.07973439942035,1.0580859375,3.72038400087149e-09,-0.0216484619203485,-0.0216484581999645,0.0181689605752179,0.0218066558877179,0.0181689582499779,0.0219213964218584,0.498046875,1.9921875,1
16,0.5,256,40,200,exact,2.50249914090212e-16,2.43070534880485e-09,1.15790025617992,1.15790025465738,1.11734375,-1.52254364671478e-09,-0.0405565046573799,-0.0405565061799236,0.0354908794990622,0.0429193467842742,0.0354908809916874,0.0423553420281921,0.4921875,1.96875,1
16,0.5,1024,40,200,exact,2.50249914090212e-16,2.43070534880485e-09,1.15790025617992,1.15790025465738,1.123125,-1.52254364671478e-09,-0.0347752546573799,-0.0347752561799235,0.0276473735984755,0.0307967876609755,0.0276473742438051,0.0308944445563051,0.49267578125,1.970703125,1
32,0,256,40,200,exact,0,0,1,1,1.01694711538462,0,0.0169471153846156,0.0169471153846156,0.02509765625,0.03984375,0.02509765625,0.03955078125,0.5,2.5,1
32,0,1024,40,200,exact,0,0,1,1,0.997145432692308,0,-0.00285456730769229,-0.00285456730769229,0.0110595703125,0.019287109375,0.0110595703125,0.0192138671875,0.5,2.5,1
32,0.25,256,40,200,approximate-pass,0.000717196815503963,0.0186459811893609,1.1347517452391,1.1290145216192,1.08978365384615,-0.00573722361990381,-0.0392308677730413,-0.0449680913929451,0.0301642558080294,0.0422459330447961,0.0350668673630907,0.0465434113323406,0.49609375,2.48046875,1
32,0.25,1024,40,200,approximate-pass,0.000717196815503963,0.0186459811893609,1.1347517452391,1.1290145216192,1.09815204326923,-0.00573722361990381,-0.0308624783499645,-0.0365997019698683,0.0199784096415383,0.02590024623684,0.0254842252259455,0.0311135944198244,0.4974609375,2.4873046875,1
32,0.5,256,40,200,approximate-pass,0.00261278428746763,0.033916981255449,1.27452729314687,1.26409130061044,1.2046875,-0.010435992536427,-0.0594038006104423,-0.0698397931468693,0.0384607857447362,0.0472757522062893,0.0499633700667518,0.0592407138167518,0.48984375,2.44921875,1
32,0.5,1024,40,200,approximate-pass,0.00261278428746763,0.033916981255449,1.27452729314687,1.26409130061044,1.21774338942308,-0.010435992536427,-0.0463479111873653,-0.0567839037237923,0.0284567110117306,0.0330039920481389,0.0470029981433622,0.0510271426917494,0.4900390625,2.4501953125,1
64,0,256,40,200,exact,0,0,1,1,1.00003720238095,0,3.72023809525057e-05,3.72023809525057e-05,0.025390625,0.04736328125,0.025390625,0.0470703125,0.5,3,1
64,0,1024,40,200,exact,0,0,1,1,0.999813988095238,0,-0.000186011904761862,-0.000186011904761862,0.0143798828125,0.025048828125,0.0143798828125,0.02509765625,0.5,3,1
64,0.25,256,40,200,approximate-pass,0.000560271920746493,0.0126243610490905,1.09757912964682,1.0930968560977,1.05360863095238,-0.00448227354912367,-0.0394882251453197,-0.0439704986944434,0.0417522197176425,0.0573900364435129,0.0429172756000774,0.0594491441891873,0.497395833333333,2.984375,1
64,0.25,1024,40,200,approximate-pass,0.000560271920746493,0.0126243610490905,1.09757912964682,1.0930968560977,1.06288132440476,-0.00448227354912367,-0.0302155316929387,-0.0346978052420623,0.0252545450944576,0.0325559740779275,0.0286324027590191,0.0357172731081942,0.498372395833333,2.990234375,1
64,0.5,256,40,200,approximate-pass,0.00216266221747084,0.0260676669607478,1.19871886761872,1.19006999123368,1.12704613095238,-0.00864887638503942,-0.0630238602813,-0.0716727366663394,0.0490530093648951,0.0645413379926801,0.060364844934776,0.0747515632879009,0.493489583333333,2.9609375,1
64,0.5,1024,40,200,approximate-pass,0.00216266221747084,0.0260676669607478,1.19871886761872,1.19006999123368,1.14724702380952,-0.00864887638503942,-0.0428229674241576,-0.051471843809197,0.0317799507512122,0.0381088069114681,0.0460548312056458,0.0523016900634895,0.494140625,2.96484375,1
