M,lambda,status,snr_low,snr_high,BER_min,BER_max,n_candidate_points
8,0,candidate-with-20-errors,8,8,0.0125868055555556,0.0125868055555556,1
8,0.25,candidate-with-20-errors,8,8,0.0182852143482065,0.0182852143482065,1
8,0.5,candidate-with-20-errors,8,8,0.0154188948306595,0.0154188948306595,1
16,0,candidate-with-20-errors,10,10,0.041796875,0.041796875,1
16,0.25,candidate-with-20-errors,10,10,0.0656862745098039,0.0656862745098039,1
16,0.5,candidate-with-20-errors,10,10,0.0527777777777778,0.0527777777777778,1
32,0,candidate-with-20-errors,14,14,0.0538541666666667,0.0538541666666667,1
32,0.25,candidate-with-20-errors,14,14,0.0537007874015748,0.0537007874015748,1
32,0.5,candidate-with-20-errors,14,14,0.0503455608718767,0.0503455608718767,1
64,0,candidate-with-20-errors,16,16,0.0555121527777778,0.0555121527777778,1
64,0.25,candidate-with-20-errors,16,16,0.0388743455497382,0.0388743455497382,1
64,0.5,candidate-with-20-errors,16,16,0.0432717678100264,0.0432717678100264,1
